{"cameraMode":{"drawMode":0,"name":"Shaded","section":"Shading Mode"},"sceneLighting":true,"audioPlay":false,"sceneViewState":{"showFog":true,"showMaterialUpdate":false,"showSkybox":true,"showFlares":true,"showImageEffects":true,"showParticleSystems":true},"in2DMode":false,"pivot":{"x":-5.737253189086914,"y":-59.567508697509769,"z":-302.1073303222656},"rotation":{"x":-0.10645326226949692,"y":-0.43191561102867129,"z":0.05142273008823395,"w":-0.894132137298584},"size":32.365966796875,"orthographic":false}