{"cameraMode":{"drawMode":0,"name":"Shaded","section":"Shading Mode"},"sceneLighting":true,"audioPlay":false,"sceneViewState":{"showFog":true,"showMaterialUpdate":false,"showSkybox":true,"showFlares":true,"showImageEffects":true,"showParticleSystems":true},"in2DMode":false,"pivot":{"x":-3.9201250076293947,"y":-56.62884521484375,"z":-310.435546875},"rotation":{"x":0.06568872928619385,"y":0.089084692299366,"z":-0.005888140760362148,"w":0.9938381314277649},"size":12.414631843566895,"orthographic":false}